gene,spacer,expanded_strain_count,expanded_exact_match_count,expanded_conservation_pct,expanded_conservation_class,position,pam,gc_content,on_target_score,specificity_score,pam_supported_strains,pam_supported_fraction,conservation_score,mean_strain_score,min_strain_score,std_strain_score,final_score,final_score_new,rank_on_target,rank_off_target,rank_conservation,rank_final,consensus_score,rank_consensus
blaKPC,GTCCTGTTCGAGTTTAGCGA,50,50,100.0,Fully conserved,297,CGG,50.0,70.0,100.0,3,1.0,100.0,100.0,100.0,0.0,88.0,88.0,133.0,1.0,1.0,123.0,90.0,123.0
blaKPC,GTCCTGTTCGAGTTTAGCGA,50,50,100.0,Fully conserved,220,CGG,50.0,70.0,100.0,3,1.0,100.0,100.0,100.0,0.0,88.0,88.0,133.0,1.0,1.0,123.0,90.0,123.0
blaKPC,GCTAAACTCGAACAGGACTT,50,50,100.0,Fully conserved,225,TGG,45.0,80.0,36.8,3,1.0,100.0,100.0,100.0,0.0,73.0,73.0,25.0,138.0,1.0,139.0,72.26666666666667,139.0
blaKPC,GCTAAACTCGAACAGGACTT,50,50,100.0,Fully conserved,302,TGG,45.0,80.0,36.8,3,1.0,100.0,100.0,100.0,0.0,73.0,73.0,25.0,138.0,1.0,139.0,72.26666666666667,139.0
blaKPC,AAACTCGAACAGGACTTTGG,50,50,100.0,Fully conserved,228,CGG,45.0,74.0,36.8,3,1.0,100.0,100.0,100.0,0.0,70.6,70.6,128.0,138.0,1.0,142.0,70.26666666666667,142.0
blaKPC,AAACTCGAACAGGACTTTGG,50,50,100.0,Fully conserved,305,CGG,45.0,74.0,36.8,3,1.0,100.0,100.0,100.0,0.0,70.6,70.6,128.0,138.0,1.0,142.0,70.26666666666667,142.0
blaKPC,CGGCTCCATCGGTGTGTACG,50,48,96.0,Highly conserved,248,CGG,65.0,82.0,100.0,3,1.0,100.0,100.0,100.0,0.0,92.8,92.8,3.0,1.0,1.0,3.0,94.0,3.0
blaKPC,CAGGACTTTGGCGGCTCCAT,50,48,96.0,Highly conserved,237,CGG,60.0,70.0,36.8,3,1.0,100.0,100.0,100.0,0.0,69.0,69.0,133.0,138.0,1.0,144.0,68.93333333333334,144.0
blaKPC,CAGGACTTTGGCGGCTCCAT,50,48,96.0,Highly conserved,314,CGG,60.0,70.0,36.8,3,1.0,100.0,100.0,100.0,0.0,69.0,69.0,133.0,138.0,1.0,144.0,68.93333333333334,144.0
blaKPC,TGCTTGTCATCCTTGTTAGG,50,32,64.0,Weakly conserved,44,CGG,45.0,80.0,100.0,3,1.0,100.0,100.0,100.0,0.0,92.0,92.0,25.0,1.0,1.0,23.0,93.33333333333331,23.0
blaKPC,AACAAGGATGACAAGCACAG,50,31,62.0,Weakly conserved,38,CGG,45.0,82.0,100.0,3,1.0,100.0,100.0,100.0,0.0,92.8,92.8,3.0,1.0,1.0,3.0,94.0,3.0
blaKPC,CTGTGCTTGTCATCCTTGTT,50,31,62.0,Weakly conserved,41,AGG,45.0,78.0,36.8,3,1.0,100.0,100.0,100.0,0.0,72.2,72.2,66.0,138.0,1.0,141.0,71.60000000000001,141.0
blaKPC,AGAGCCTTACTGCCCGAAGG,50,0,0.0,Weakly conserved,171,CGG,60.0,82.0,100.0,3,1.0,100.0,100.0,100.0,0.0,92.8,92.8,3.0,1.0,1.0,3.0,94.0,3.0
blaKPC,GCCTTACTGCCCGAAGGCGG,50,0,0.0,Weakly conserved,174,CGG,70.0,82.0,100.0,3,1.0,100.0,100.0,100.0,0.0,92.8,92.8,3.0,1.0,1.0,3.0,94.0,3.0
blaKPC,AGCGACGGAATAGTGTATGG,50,0,0.0,Weakly conserved,282,CGG,50.0,82.0,100.0,3,1.0,100.0,100.0,100.0,0.0,92.8,92.8,3.0,1.0,1.0,3.0,94.0,3.0
blaKPC,AGCGACGGAATAGTGTATGG,50,0,0.0,Weakly conserved,205,CGG,50.0,82.0,100.0,3,1.0,100.0,100.0,100.0,0.0,92.8,92.8,3.0,1.0,1.0,3.0,94.0,3.0
blaKPC,AGCAGCAGCAGCAACAACGG,50,0,0.0,Weakly conserved,81,CGG,60.0,82.0,100.0,3,1.0,100.0,100.0,100.0,0.0,92.8,92.8,3.0,1.0,1.0,3.0,94.0,3.0
blaKPC,AGCAGCAGCAACAACGGCGG,50,0,0.0,Weakly conserved,78,CGG,65.0,82.0,100.0,3,1.0,100.0,100.0,100.0,0.0,92.8,92.8,3.0,1.0,1.0,3.0,94.0,3.0
blaKPC,TTGTCATCCTTGTTAGGCGG,50,0,0.0,Weakly conserved,47,CGG,50.0,80.0,100.0,3,1.0,100.0,100.0,100.0,0.0,92.0,92.0,25.0,1.0,1.0,23.0,93.33333333333331,23.0
blaKPC,GCCGTTGTTGCTGCTGCTGC,50,0,0.0,Weakly conserved,83,TGG,65.0,80.0,100.0,3,1.0,100.0,100.0,100.0,0.0,92.0,92.0,25.0,1.0,1.0,23.0,93.33333333333331,23.0
blaKPC,CTGCTGCTGGCTGTTGCTGC,50,0,0.0,Weakly conserved,96,TGG,65.0,80.0,100.0,3,1.0,100.0,100.0,100.0,0.0,92.0,92.0,25.0,1.0,1.0,23.0,93.33333333333331,23.0
blaKPC,TGCTGGCTGTTGCTGCTGGC,50,0,0.0,Weakly conserved,100,TGG,65.0,78.0,100.0,3,1.0,100.0,100.0,100.0,0.0,91.2,91.2,66.0,1.0,1.0,61.0,92.66666666666669,61.0
blaKPC,TGTTGCTGCTGGCTGGCTGC,50,0,0.0,Weakly conserved,107,TGG,65.0,78.0,100.0,3,1.0,100.0,100.0,100.0,0.0,91.2,91.2,66.0,1.0,1.0,61.0,92.66666666666669,61.0
blaKPC,GGCGATAACGCCGCCGCCTT,50,0,0.0,Weakly conserved,184,CGG,70.0,78.0,100.0,3,1.0,100.0,100.0,100.0,0.0,91.2,91.2,66.0,1.0,1.0,61.0,92.66666666666669,61.0
blaKPC,GCCAGCAGCAGCAGCAACAA,50,0,0.0,Weakly conserved,84,CGG,60.0,78.0,100.0,3,1.0,100.0,100.0,100.0,0.0,91.2,91.2,66.0,1.0,1.0,61.0,92.66666666666669,61.0
blaKPC,GATAACGCCGCCGCCTAACA,50,0,0.0,Weakly conserved,54,AGG,60.0,78.0,100.0,3,1.0,100.0,100.0,100.0,0.0,91.2,91.2,66.0,1.0,1.0,61.0,92.66666666666669,61.0
blaKPC,TTCAGAGCCTTACTGCCCGA,50,0,0.0,Weakly conserved,168,AGG,55.0,76.0,100.0,3,1.0,100.0,100.0,100.0,0.0,90.4,90.4,109.0,1.0,1.0,102.0,92.0,102.0
blaKPC,TTCCGTCGCTAAACTCGAAC,50,0,0.0,Weakly conserved,218,AGG,50.0,76.0,100.0,3,1.0,100.0,100.0,100.0,0.0,90.4,90.4,109.0,1.0,1.0,102.0,92.0,102.0
blaKPC,TTCCGTCGCTAAACTCGAAC,50,0,0.0,Weakly conserved,295,AGG,50.0,76.0,100.0,3,1.0,100.0,100.0,100.0,0.0,90.4,90.4,109.0,1.0,1.0,102.0,92.0,102.0
blaKPC,GCGATAACGCCGCCGCCTTC,50,0,0.0,Weakly conserved,183,GGG,70.0,75.0,100.0,3,1.0,100.0,100.0,100.0,0.0,90.0,90.0,117.0,1.0,1.0,109.0,91.66666666666669,109.0
blaKPC,TTTAGCGACGGAATAGTGTA,50,0,0.0,Weakly conserved,285,TGG,40.0,70.0,100.0,3,1.0,100.0,100.0,100.0,0.0,88.0,88.0,133.0,1.0,1.0,123.0,90.0,123.0
blaKPC,TTTAGCGACGGAATAGTGTA,50,0,0.0,Weakly conserved,208,TGG,40.0,70.0,100.0,3,1.0,100.0,100.0,100.0,0.0,88.0,88.0,133.0,1.0,1.0,123.0,90.0,123.0
blaKPC,AGCAAGACAGCAGAACTAGA,50,0,0.0,Weakly conserved,14,CGG,45.0,78.0,85.2,3,1.0,100.0,100.0,100.0,0.0,86.8,86.8,66.0,136.0,1.0,131.0,87.73333333333333,130.0
blaKPC,CTCCATCGGTGTGTACGCGG,50,0,0.0,Weakly conserved,251,CGG,65.0,82.0,67.0,3,1.0,100.0,100.0,100.0,0.0,82.9,82.9,3.0,137.0,1.0,137.0,83.0,137.0
mecA,ACTGAACGTCCGATAAAGGT,50,0,0.0,Weakly conserved,56,TGG,45.0,80.0,100.0,3,1.0,100.0,100.0,100.0,0.0,92.0,92.0,25.0,1.0,1.0,23.0,93.33333333333331,23.0
mecA,AACGCTGCTGCTATCGGTGC,50,0,0.0,Weakly conserved,107,TGG,60.0,80.0,100.0,3,1.0,100.0,100.0,100.0,0.0,92.0,92.0,25.0,1.0,1.0,23.0,93.33333333333331,23.0
mecA,GGTGCTGCTGCTATCGGTGC,50,0,0.0,Weakly conserved,128,TGG,65.0,80.0,100.0,3,1.0,100.0,100.0,100.0,0.0,92.0,92.0,25.0,1.0,1.0,23.0,93.33333333333331,23.0
mecA,GGTGCTGCTGCTATCGGTGC,50,0,0.0,Weakly conserved,149,TGG,65.0,80.0,100.0,3,1.0,100.0,100.0,100.0,0.0,92.0,92.0,25.0,1.0,1.0,23.0,93.33333333333331,23.0
mecA,GGTGCTGCTGCTATCGGTGC,50,0,0.0,Weakly conserved,170,TGG,65.0,80.0,100.0,3,1.0,100.0,100.0,100.0,0.0,92.0,92.0,25.0,1.0,1.0,23.0,93.33333333333331,23.0
mecA,GGTGCTGCTGCTATCGGTGC,50,0,0.0,Weakly conserved,191,TGG,65.0,80.0,100.0,3,1.0,100.0,100.0,100.0,0.0,92.0,92.0,25.0,1.0,1.0,23.0,93.33333333333331,23.0
mecA,GGTGCTGCTGCTATCGGTGC,50,0,0.0,Weakly conserved,212,TGG,65.0,80.0,100.0,3,1.0,100.0,100.0,100.0,0.0,92.0,92.0,25.0,1.0,1.0,23.0,93.33333333333331,23.0
mecA,GGTGCTGCTGCTATCGGTGC,50,0,0.0,Weakly conserved,233,TGG,65.0,80.0,100.0,3,1.0,100.0,100.0,100.0,0.0,92.0,92.0,25.0,1.0,1.0,23.0,93.33333333333331,23.0
mecA,GGTGCTGCTGCTATCGGTGC,50,0,0.0,Weakly conserved,254,TGG,65.0,80.0,100.0,3,1.0,100.0,100.0,100.0,0.0,92.0,92.0,25.0,1.0,1.0,23.0,93.33333333333331,23.0
mecA,GCTGCTGCTGTTGCTGATGC,50,0,0.0,Weakly conserved,278,TGG,60.0,80.0,100.0,3,1.0,100.0,100.0,100.0,0.0,92.0,92.0,25.0,1.0,1.0,23.0,93.33333333333331,23.0
mecA,GATGCTGGTGCTATCGGTGC,50,0,0.0,Weakly conserved,293,TGG,60.0,80.0,100.0,3,1.0,100.0,100.0,100.0,0.0,92.0,92.0,25.0,1.0,1.0,23.0,93.33333333333331,23.0
mecA,TGCTGCTATCGTTGCTGCTA,50,0,0.0,Weakly conserved,82,TGG,50.0,78.0,100.0,3,1.0,100.0,100.0,100.0,0.0,91.2,91.2,66.0,1.0,1.0,61.0,92.66666666666669,61.0
mecA,ATGGTTAACGCTGCTGCTAT,50,0,0.0,Weakly conserved,101,CGG,45.0,78.0,100.0,3,1.0,100.0,100.0,100.0,0.0,91.2,91.2,66.0,1.0,1.0,61.0,92.66666666666669,61.0
mecA,GGTGCTGGTGCTGCTGCTAT,50,0,0.0,Weakly conserved,122,CGG,60.0,78.0,100.0,3,1.0,100.0,100.0,100.0,0.0,91.2,91.2,66.0,1.0,1.0,61.0,92.66666666666669,61.0
mecA,GGTGCTGGTGCTGCTGCTAT,50,0,0.0,Weakly conserved,143,CGG,60.0,78.0,100.0,3,1.0,100.0,100.0,100.0,0.0,91.2,91.2,66.0,1.0,1.0,61.0,92.66666666666669,61.0
mecA,GGTGCTGGTGCTGCTGCTAT,50,0,0.0,Weakly conserved,164,CGG,60.0,78.0,100.0,3,1.0,100.0,100.0,100.0,0.0,91.2,91.2,66.0,1.0,1.0,61.0,92.66666666666669,61.0
mecA,GGTGCTGGTGCTGCTGCTAT,50,0,0.0,Weakly conserved,185,CGG,60.0,78.0,100.0,3,1.0,100.0,100.0,100.0,0.0,91.2,91.2,66.0,1.0,1.0,61.0,92.66666666666669,61.0
mecA,GGTGCTGGTGCTGCTGCTAT,50,0,0.0,Weakly conserved,206,CGG,60.0,78.0,100.0,3,1.0,100.0,100.0,100.0,0.0,91.2,91.2,66.0,1.0,1.0,61.0,92.66666666666669,61.0
mecA,GGTGCTGGTGCTGCTGCTAT,50,0,0.0,Weakly conserved,227,CGG,60.0,78.0,100.0,3,1.0,100.0,100.0,100.0,0.0,91.2,91.2,66.0,1.0,1.0,61.0,92.66666666666669,61.0
mecA,GGTGCTGGTGCTGCTGCTAT,50,0,0.0,Weakly conserved,248,CGG,60.0,78.0,100.0,3,1.0,100.0,100.0,100.0,0.0,91.2,91.2,66.0,1.0,1.0,61.0,92.66666666666669,61.0
mecA,GTTGCTGATGCTGGTGCTAT,50,0,0.0,Weakly conserved,287,CGG,50.0,78.0,100.0,3,1.0,100.0,100.0,100.0,0.0,91.2,91.2,66.0,1.0,1.0,61.0,92.66666666666669,61.0
mecA,TATGACTGAACGTCCGATAA,50,0,0.0,Weakly conserved,52,AGG,40.0,76.0,100.0,3,1.0,100.0,100.0,100.0,0.0,90.4,90.4,109.0,1.0,1.0,102.0,92.0,102.0
mecA,GCAGCAATGCCAACCTTTAT,50,0,0.0,Weakly conserved,65,CGG,45.0,70.0,100.0,3,1.0,100.0,100.0,100.0,0.0,88.0,88.0,133.0,1.0,1.0,123.0,90.0,123.0
